date,sp500,earnings,cape,trailing_pe
1871-01,4.44,0.4,,11.1
1871-02,4.5,0.4,,11.25
1871-03,4.61,0.4,,11.53
1871-04,4.74,0.4,,11.85
1871-05,4.86,0.4,,12.15
1871-06,4.82,0.4,,12.05
1871-07,4.73,0.4,,11.83
1871-08,4.79,0.4,,11.97
1871-09,4.84,0.4,,12.1
1871-10,4.59,0.4,,11.47
1871-11,4.64,0.4,,11.6
1871-12,4.74,0.4,,11.85
1872-01,4.86,0.4025,,12.07
1872-02,4.88,0.405,,12.05
1872-03,5.04,0.4075,,12.37
1872-04,5.18,0.41,,12.63
1872-05,5.18,0.4125,,12.56
1872-06,5.13,0.415,,12.36
1872-07,5.1,0.4175,,12.22
1872-08,5.04,0.42,,12.0
1872-09,4.95,0.4225,,11.72
1872-10,4.97,0.425,,11.69
1872-11,4.95,0.4275,,11.58
1872-12,5.07,0.43,,11.79
1873-01,5.11,0.4325,,11.82
1873-02,5.15,0.435,,11.84
1873-03,5.11,0.4375,,11.68
1873-04,5.04,0.44,,11.45
1873-05,5.05,0.4425,,11.41
1873-06,4.98,0.445,,11.19
1873-07,4.97,0.4475,,11.11
1873-08,4.97,0.45,,11.04
1873-09,4.59,0.4525,,10.14
1873-10,4.19,0.455,,9.21
1873-11,4.04,0.4575,,8.83
1873-12,4.42,0.46,,9.61
1874-01,4.66,0.46,,10.13
1874-02,4.8,0.46,,10.43
1874-03,4.73,0.46,,10.28
1874-04,4.6,0.46,,10.0
1874-05,4.48,0.46,,9.74
1874-06,4.46,0.46,,9.7
1874-07,4.46,0.46,,9.7
1874-08,4.47,0.46,,9.72
1874-09,4.54,0.46,,9.87
1874-10,4.53,0.46,,9.85
1874-11,4.57,0.46,,9.93
1874-12,4.54,0.46,,9.87
1875-01,4.54,0.4517,,10.05
1875-02,4.53,0.4433,,10.22
1875-03,4.59,0.435,,10.55
1875-04,4.65,0.4267,,10.9
1875-05,4.47,0.4183,,10.69
1875-06,4.38,0.41,,10.68
1875-07,4.39,0.4017,,10.93
1875-08,4.41,0.3933,,11.21
1875-09,4.37,0.385,,11.35
1875-10,4.3,0.3767,,11.41
1875-11,4.37,0.3683,,11.87
1875-12,4.37,0.36,,12.14
1876-01,4.46,0.3533,,12.62
1876-02,4.52,0.3467,,13.04
1876-03,4.51,0.34,,13.26
1876-04,4.34,0.3333,,13.02
1876-05,4.18,0.3267,,12.79
1876-06,4.15,0.32,,12.97
1876-07,4.1,0.3133,,13.09
1876-08,3.93,0.3067,,12.81
1876-09,3.69,0.3,,12.3
1876-10,3.67,0.2933,,12.51
1876-11,3.6,0.2867,,12.56
1876-12,3.58,0.28,,12.79
1877-01,3.55,0.2817,,12.6
1877-02,3.34,0.2833,,11.79
1877-03,3.17,0.285,,11.12
1877-04,2.94,0.2867,,10.25
1877-05,2.94,0.2883,,10.2
1877-06,2.73,0.29,,9.41
1877-07,2.85,0.2917,,9.77
1877-08,3.05,0.2933,,10.4
1877-09,3.24,0.295,,10.98
1877-10,3.31,0.2967,,11.16
1877-11,3.26,0.2983,,10.93
1877-12,3.25,0.3,,10.83
1878-01,3.25,0.3008,,10.8
1878-02,3.18,0.3017,,10.54
1878-03,3.24,0.3025,,10.71
1878-04,3.33,0.3033,,10.98
1878-05,3.34,0.3042,,10.98
1878-06,3.41,0.305,,11.18
1878-07,3.48,0.3058,,11.38
1878-08,3.45,0.3067,,11.25
1878-09,3.52,0.3075,,11.45
1878-10,3.48,0.3083,,11.29
1878-11,3.47,0.3092,,11.22
1878-12,3.45,0.31,,11.13
1879-01,3.58,0.3158,,11.34
1879-02,3.71,0.3217,,11.53
1879-03,3.65,0.3275,,11.15
1879-04,3.77,0.3333,,11.31
1879-05,3.94,0.3392,,11.62
1879-06,3.96,0.345,,11.48
1879-07,4.04,0.3508,,11.52
1879-08,4.07,0.3567,,11.41
1879-09,4.22,0.3625,,11.64
1879-10,4.68,0.3683,,12.71
1879-11,4.93,0.3742,,13.17
1879-12,4.92,0.38,,12.95
1880-01,5.11,0.3892,,13.13
1880-02,5.2,0.3983,,13.06
1880-03,5.3,0.4075,,13.01
1880-04,5.18,0.4167,,12.43
1880-05,4.77,0.4258,,11.2
1880-06,4.79,0.435,,11.01
1880-07,5.01,0.4442,,11.28
1880-08,5.19,0.4533,,11.45
1880-09,5.18,0.4625,,11.2
1880-10,5.33,0.4717,,11.3
1880-11,5.61,0.4808,,11.67
1880-12,5.84,0.49,,11.92
1881-01,6.19,0.4858,18.47,12.74
1881-02,6.17,0.4817,18.15,12.81
1881-03,6.24,0.4775,18.27,13.07
1881-04,6.22,0.4733,17.95,13.14
1881-05,6.5,0.4692,18.87,13.85
1881-06,6.58,0.465,19.03,14.15
1881-07,6.35,0.4608,18.12,13.78
1881-08,6.2,0.4567,17.29,13.58
1881-09,6.25,0.4525,16.72,13.81
1881-10,6.15,0.4483,16.26,13.72
1881-11,6.19,0.4442,16.48,13.94
1881-12,6.01,0.44,15.96,13.66
1882-01,5.92,0.4392,15.68,13.48
1882-02,5.79,0.4383,15.15,13.21
1882-03,5.78,0.4375,15.09,13.21
1882-04,5.78,0.4367,14.92,13.24
1882-05,5.71,0.4358,14.57,13.1
1882-06,5.68,0.435,14.33,13.06
1882-07,6.0,0.4342,15.24,13.82
1882-08,6.18,0.4333,15.53,14.26
1882-09,6.24,0.4325,16.08,14.43
1882-10,6.07,0.4317,15.76,14.06
1882-11,5.81,0.4308,15.19,13.49
1882-12,5.84,0.43,15.38,13.58
1883-01,5.81,0.4275,15.27,13.59
1883-02,5.68,0.425,14.76,13.36
1883-03,5.75,0.4225,15.05,13.61
1883-04,5.87,0.42,15.48,13.98
1883-05,5.77,0.4175,15.34,13.82
1883-06,5.82,0.415,15.9,14.02
1883-07,5.73,0.4125,15.95,13.89
1883-08,5.47,0.41,15.2,13.34
1883-09,5.53,0.4075,15.49,13.57
1883-10,5.38,0.405,15.05,13.28
1883-11,5.46,0.4025,15.41,13.57
1883-12,5.34,0.4,14.9,13.35
1884-01,5.18,0.3925,14.43,13.2
1884-02,5.32,0.385,14.81,13.82
1884-03,5.3,0.3775,14.74,14.04
1884-04,5.06,0.37,14.35,13.68
1884-05,4.65,0.3625,13.47,12.83
1884-06,4.46,0.355,12.91,12.56
1884-07,4.46,0.3475,13.04,12.83
1884-08,4.74,0.34,13.86,13.94
1884-09,4.59,0.3325,13.57,13.8
1884-10,4.44,0.325,13.27,13.66
1884-11,4.35,0.3175,13.3,13.7
1884-12,4.34,0.31,13.43,14.0
1885-01,4.24,0.3067,13.13,13.82
1885-02,4.37,0.3033,13.38,14.41
1885-03,4.38,0.3,13.73,14.6
1885-04,4.37,0.2967,13.55,14.73
1885-05,4.32,0.2933,13.71,14.73
1885-06,4.3,0.29,13.98,14.83
1885-07,4.46,0.2867,14.33,15.56
1885-08,4.71,0.2833,15.13,16.63
1885-09,4.65,0.28,15.12,16.61
1885-10,4.92,0.2767,15.99,17.78
1885-11,5.24,0.2733,16.82,19.17
1885-12,5.2,0.27,16.3,19.26
1886-01,5.2,0.275,16.69,18.91
1886-02,5.3,0.28,17.01,18.93
1886-03,5.19,0.285,16.84,18.21
1886-04,5.12,0.29,16.8,17.66
1886-05,5.02,0.295,16.86,17.02
1886-06,5.25,0.3,17.83,17.5
1886-07,5.33,0.305,17.85,17.48
1886-08,5.37,0.31,17.72,17.32
1886-09,5.51,0.315,18.15,17.49
1886-10,5.65,0.32,18.56,17.66
1886-11,5.79,0.325,18.97,17.82
1886-12,5.64,0.33,18.19,17.09
1887-01,5.58,0.3325,17.51,16.78
1887-02,5.54,0.335,17.13,16.54
1887-03,5.67,0.3375,17.47,16.8
1887-04,5.8,0.34,17.82,17.06
1887-05,5.9,0.3425,18.08,17.23
1887-06,5.73,0.345,17.71,16.61
1887-07,5.59,0.3475,17.43,16.09
1887-08,5.45,0.35,16.74,15.57
1887-09,5.38,0.3525,16.68,15.26
1887-10,5.2,0.355,15.88,14.65
1887-11,5.3,0.3575,15.95,14.83
1887-12,5.27,0.36,15.46,14.64
1888-01,5.31,0.3517,15.36,15.1
1888-02,5.28,0.3433,15.42,15.38
1888-03,5.08,0.335,14.81,15.16
1888-04,5.1,0.3267,15.02,15.61
1888-05,5.17,0.3183,15.39,16.24
1888-06,5.01,0.31,15.08,16.16
1888-07,5.14,0.3017,15.28,17.04
1888-08,5.25,0.2933,15.6,17.9
1888-09,5.38,0.285,15.99,18.88
1888-10,5.35,0.2767,15.72,19.34
1888-11,5.24,0.2683,15.22,19.53
1888-12,5.14,0.26,14.95,19.77
1889-01,5.24,0.2633,15.8,19.9
1889-02,5.3,0.2667,16.19,19.87
1889-03,5.19,0.27,16.07,19.22
1889-04,5.18,0.2733,16.05,18.95
1889-05,5.32,0.2767,16.92,19.23
1889-06,5.41,0.28,17.22,19.32
1889-07,5.3,0.2833,16.89,18.71
1889-08,5.37,0.2867,17.13,18.73
1889-09,5.5,0.29,17.35,18.97
1889-10,5.4,0.2933,17.05,18.41
1889-11,5.35,0.2967,16.91,18.03
1889-12,5.32,0.3,16.61,17.73
1890-01,5.38,0.2992,17.22,17.98
1890-02,5.32,0.2983,17.03,17.83
1890-03,5.28,0.2975,16.9,17.75
1890-04,5.39,0.2967,17.26,18.17
1890-05,5.62,0.2958,17.79,19.0
1890-06,5.58,0.295,17.68,18.92
1890-07,5.54,0.2942,17.59,18.83
1890-08,5.41,0.2933,16.6,18.45
1890-09,5.32,0.2925,16.17,18.19
1890-10,5.08,0.2917,15.48,17.42
1890-11,4.71,0.2908,14.75,16.2
1890-12,4.6,0.29,14.44,15.86
1891-01,4.84,0.2942,15.43,16.45
1891-02,4.9,0.2983,15.48,16.43
1891-03,4.81,0.3025,15.05,15.9
1891-04,4.97,0.3067,15.41,16.2
1891-05,4.95,0.3108,15.57,15.93
1891-06,4.85,0.315,15.66,15.4
1891-07,4.77,0.3192,15.62,14.94
1891-08,4.93,0.3233,16.16,15.25
1891-09,5.33,0.3275,17.71,16.27
1891-10,5.33,0.3317,17.72,16.07
1891-11,5.25,0.3358,17.67,15.63
1891-12,5.41,0.34,18.21,15.91
1892-01,5.51,0.3425,19.02,16.09
1892-02,5.52,0.345,19.04,16.0
1892-03,5.58,0.3475,19.74,16.06
1892-04,5.57,0.35,19.94,15.91
1892-05,5.57,0.3525,19.91,15.8
1892-06,5.54,0.355,19.77,15.61
1892-07,5.54,0.3575,19.21,15.5
1892-08,5.62,0.36,19.2,15.61
1892-09,5.48,0.3625,18.69,15.12
1892-10,5.59,0.365,19.04,15.32
1892-11,5.57,0.3675,18.46,15.16
1892-12,5.51,0.37,18.01,14.89
1893-01,5.61,0.3608,17.66,15.55
1893-02,5.51,0.3517,17.13,15.67
1893-03,5.31,0.3425,16.9,15.5
1893-04,5.31,0.3333,17.1,15.93
1893-05,4.84,0.3242,15.78,14.93
1893-06,4.61,0.315,15.42,14.63
1893-07,4.18,0.3058,14.35,13.67
1893-08,4.08,0.2967,14.59,13.75
1893-09,4.37,0.2875,15.01,15.2
1893-10,4.5,0.2783,15.27,16.17
1893-11,4.57,0.2692,15.94,16.98
1893-12,4.41,0.26,15.61,16.96
1894-01,4.32,0.2517,15.74,17.16
1894-02,4.38,0.2433,16.2,18.0
1894-03,4.51,0.235,17.19,19.19
1894-04,4.57,0.2267,17.43,20.16
1894-05,4.4,0.2183,16.81,20.16
1894-06,4.34,0.21,16.61,20.67
1894-07,4.25,0.2017,16.29,21.07
1894-08,4.41,0.1933,16.46,22.81
1894-09,4.48,0.185,16.52,24.22
1894-10,4.34,0.1767,16.5,24.56
1894-11,4.34,0.1683,16.54,25.79
1894-12,4.3,0.16,16.67,26.88
1895-01,4.25,0.1675,16.52,25.37
1895-02,4.19,0.175,16.33,23.94
1895-03,4.19,0.1825,16.36,22.96
1895-04,4.37,0.19,16.39,23.0
1895-05,4.61,0.1975,17.08,23.34
1895-06,4.7,0.205,17.21,22.93
1895-07,4.72,0.2125,17.55,22.21
1895-08,4.79,0.22,18.07,21.77
1895-09,4.82,0.2275,18.2,21.19
1895-10,4.75,0.235,17.94,20.21
1895-11,4.59,0.2425,17.34,18.93
1895-12,4.32,0.25,16.55,17.28
1896-01,4.27,0.2467,16.58,17.31
1896-02,4.45,0.2433,17.52,18.29
1896-03,4.38,0.24,17.23,18.25
1896-04,4.42,0.2367,17.64,18.67
1896-05,4.4,0.2333,17.83,18.86
1896-06,4.32,0.23,17.78,18.78
1896-07,4.04,0.2267,16.64,17.82
1896-08,3.81,0.2233,15.7,17.06
1896-09,4.01,0.22,16.54,18.23
1896-10,4.1,0.2167,16.44,18.92
1896-11,4.38,0.2133,17.09,20.53
1896-12,4.22,0.21,16.5,20.1
1897-01,4.22,0.2183,17.03,19.33
1897-02,4.18,0.2267,16.89,18.44
1897-03,4.19,0.235,16.96,17.83
1897-04,4.06,0.2433,16.7,16.69
1897-05,4.08,0.2517,17.05,16.21
1897-06,4.27,0.26,17.85,16.42
1897-07,4.46,0.2683,18.65,16.62
1897-08,4.75,0.2767,19.01,17.17
1897-09,4.98,0.285,19.37,17.47
1897-10,4.82,0.2933,19.03,16.43
1897-11,4.65,0.3017,18.36,15.41
1897-12,4.75,0.31,18.75,15.32
1898-01,4.88,0.3133,19.25,15.58
1898-02,4.87,0.3167,18.92,15.38
1898-03,4.65,0.32,18.04,14.53
1898-04,4.57,0.3233,17.71,14.14
1898-05,4.87,0.3267,17.6,14.91
1898-06,5.06,0.33,19.54,15.33
1898-07,5.08,0.3333,19.86,15.24
1898-08,5.27,0.3367,20.54,15.65
1898-09,5.26,0.34,20.44,15.47
1898-10,5.15,0.3433,19.95,15.0
1898-11,5.32,0.3467,20.53,15.34
1898-12,5.65,0.35,21.4,16.14
1899-01,6.08,0.3608,22.93,16.85
1899-02,6.31,0.3717,23.05,16.98
1899-03,6.4,0.3825,23.28,16.73
1899-04,6.48,0.3933,23.15,16.48
1899-05,6.21,0.4042,22.09,15.36
1899-06,6.07,0.415,21.21,14.63
1899-07,6.28,0.4258,21.56,14.75
1899-08,6.44,0.4367,21.73,14.75
1899-09,6.37,0.4475,20.59,14.23
1899-10,6.34,0.4583,20.15,13.83
1899-11,6.46,0.4692,20.2,13.77
1899-12,6.02,0.48,18.51,12.54
1900-01,6.1,0.48,18.67,12.71
1900-02,6.21,0.48,18.7,12.94
1900-03,6.26,0.48,18.78,13.04
1900-04,6.34,0.48,18.94,13.21
1900-05,6.04,0.48,18.4,12.58
1900-06,5.86,0.48,17.99,12.21
1900-07,5.86,0.48,17.69,12.21
1900-08,5.94,0.48,18.07,12.38
1900-09,5.8,0.48,17.34,12.08
1900-10,6.01,0.48,18.1,12.52
1900-11,6.48,0.48,19.42,13.5
1900-12,6.87,0.48,20.74,14.31
1901-01,7.07,0.4817,20.98,14.68
1901-02,7.25,0.4833,21.68,15.0
1901-03,7.51,0.485,22.35,15.48
1901-04,8.14,0.4867,24.41,16.72
1901-05,7.73,0.4883,23.06,15.83
1901-06,8.5,0.49,25.24,17.35
1901-07,7.93,0.4917,23.14,16.13
1901-08,8.04,0.4933,23.08,16.3
1901-09,8.0,0.495,22.59,16.16
1901-10,7.91,0.4967,22.25,15.93
1901-11,8.08,0.4983,22.38,16.22
1901-12,7.95,0.5,21.68,15.9
1902-01,8.12,0.5108,22.34,15.9
1902-02,8.19,0.5217,22.46,15.7
1902-03,8.2,0.5325,22.41,15.4
1902-04,8.48,0.5433,22.82,15.61
1902-05,8.46,0.5542,22.43,15.27
1902-06,8.41,0.565,21.96,14.88
1902-07,8.6,0.5758,22.39,14.94
1902-08,8.83,0.5867,23.17,15.05
1902-09,8.85,0.5975,22.86,14.81
1902-10,8.57,0.6083,20.6,14.09
1902-11,8.24,0.6192,20.41,13.31
1902-12,8.05,0.63,19.63,12.78
1903-01,8.46,0.6217,20.32,13.61
1903-02,8.41,0.6133,20.11,13.71
1903-03,8.08,0.605,19.88,13.36
1903-04,7.75,0.5967,18.98,12.99
1903-05,7.6,0.5883,18.95,12.92
1903-06,7.18,0.58,17.82,12.38
1903-07,6.85,0.5717,16.92,11.98
1903-08,6.63,0.5633,16.3,11.77
1903-09,6.47,0.555,15.65,11.66
1903-10,6.26,0.5467,15.25,11.45
1903-11,6.28,0.5383,15.41,11.67
1903-12,6.57,0.53,16.04,12.4
1904-01,6.68,0.5267,15.86,12.68
1904-02,6.5,0.5233,15.02,12.42
1904-03,6.48,0.52,15.08,12.46
1904-04,6.64,0.5167,15.57,12.85
1904-05,6.5,0.5133,15.53,12.66
1904-06,6.51,0.51,15.47,12.76
1904-07,6.78,0.5067,16.04,13.38
1904-08,7.01,0.5033,16.3,13.93
1904-09,7.32,0.5,16.74,14.64
1904-10,7.75,0.4967,17.63,15.6
1904-11,8.17,0.4933,18.08,16.56
1904-12,8.25,0.49,18.16,16.84
1905-01,8.43,0.505,18.46,16.69
1905-02,8.8,0.52,19.17,16.92
1905-03,9.05,0.535,19.83,16.92
1905-04,8.94,0.55,19.48,16.25
1905-05,8.5,0.565,18.63,15.04
1905-06,8.6,0.58,18.74,14.83
1905-07,8.87,0.595,19.21,14.91
1905-08,9.2,0.61,19.57,15.08
1905-09,9.23,0.625,19.74,14.77
1905-10,9.36,0.64,19.9,14.62
1905-11,9.31,0.655,19.44,14.21
1905-12,9.54,0.67,19.58,14.24
1906-01,9.87,0.6775,20.13,14.57
1906-02,9.8,0.685,19.87,14.31
1906-03,9.56,0.6925,19.26,13.81
1906-04,9.43,0.7,18.88,13.47
1906-05,9.18,0.7075,18.05,12.98
1906-06,9.3,0.715,18.17,13.01
1906-07,9.06,0.7225,18.2,12.54
1906-08,9.73,0.73,18.97,13.33
1906-09,10.03,0.7375,19.2,13.6
1906-10,9.73,0.745,18.1,13.06
1906-11,9.93,0.7525,18.14,13.2
1906-12,9.84,0.76,17.66,12.95
1907-01,9.56,0.7517,17.22,12.72
1907-02,9.26,0.7433,16.22,12.46
1907-03,8.35,0.735,14.69,11.36
1907-04,8.39,0.7267,14.67,11.55
1907-05,8.1,0.7183,13.79,11.28
1907-06,7.84,0.71,13.14,11.04
1907-07,8.14,0.7017,13.59,11.6
1907-08,7.53,0.6933,12.51,10.86
1907-09,7.45,0.685,12.33,10.88
1907-10,6.64,0.6767,10.83,9.81
1907-11,6.25,0.6683,10.59,9.35
1907-12,6.57,0.66,11.33,9.95
1908-01,6.85,0.6533,11.9,10.49
1908-02,6.6,0.6467,11.55,10.21
1908-03,6.87,0.64,11.98,10.73
1908-04,7.24,0.6333,12.45,11.43
1908-05,7.63,0.6267,13.08,12.17
1908-06,7.64,0.62,13.05,12.32
1908-07,7.92,0.6133,13.35,12.91
1908-08,8.26,0.6067,13.88,13.61
1908-09,8.17,0.6,13.7,13.62
1908-10,8.27,0.5933,13.69,13.94
1908-11,8.83,0.5867,14.44,15.05
1908-12,9.03,0.58,14.58,15.57
1909-01,9.06,0.595,14.76,15.23
1909-02,8.8,0.61,14.17,14.43
1909-03,8.92,0.625,14.34,14.27
1909-04,9.32,0.64,14.65,14.56
1909-05,9.63,0.655,14.95,14.7
1909-06,9.8,0.67,15.04,14.63
1909-07,9.94,0.685,15.23,14.51
1909-08,10.18,0.7,15.42,14.54
1909-09,10.19,0.715,15.25,14.25
1909-10,10.23,0.73,14.99,14.01
1909-11,10.18,0.745,14.75,13.66
1909-12,10.3,0.76,14.75,13.55
1910-01,10.08,0.7575,14.55,13.31
1910-02,9.72,0.755,14.0,12.87
1910-03,9.96,0.7525,14.05,13.24
1910-04,9.72,0.75,13.56,12.96
1910-05,9.56,0.7475,13.57,12.79
1910-06,9.1,0.745,13.02,12.21
1910-07,8.64,0.7425,12.34,11.64
1910-08,8.85,0.74,12.75,11.96
1910-09,8.91,0.7375,12.94,12.08
1910-10,9.32,0.735,13.92,12.68
1910-11,9.31,0.7325,14.16,12.71
1910-12,9.05,0.73,13.74,12.4
1911-01,9.27,0.7183,14.05,12.91
1911-02,9.43,0.7067,14.72,13.34
1911-03,9.32,0.695,14.37,13.41
1911-04,9.28,0.6833,14.75,13.58
1911-05,9.48,0.6717,15.05,14.11
1911-06,9.67,0.66,15.33,14.65
1911-07,9.63,0.6483,15.08,14.85
1911-08,9.17,0.6367,13.9,14.4
1911-09,8.67,0.625,13.0,13.87
1911-10,8.72,0.6133,13.07,14.22
1911-11,9.07,0.6017,13.73,15.07
1911-12,9.11,0.59,13.93,15.44
1912-01,9.12,0.5992,13.79,15.22
1912-02,9.04,0.6083,13.53,14.86
1912-03,9.3,0.6175,13.64,15.06
1912-04,9.59,0.6267,13.65,15.3
1912-05,9.58,0.6358,13.65,15.07
1912-06,9.58,0.645,13.79,14.85
1912-07,9.59,0.6542,13.8,14.66
1912-08,9.81,0.6633,13.98,14.79
1912-09,9.86,0.6725,13.93,14.66
1912-10,9.84,0.6817,13.91,14.43
1912-11,9.73,0.6908,13.75,14.09
1912-12,9.38,0.7,13.39,13.4
1913-01,9.3,0.6942,13.15,13.4
1913-02,8.97,0.6883,12.68,13.03
1913-03,8.8,0.6825,12.44,12.89
1913-04,8.79,0.6767,12.43,12.99
1913-05,8.55,0.6708,12.22,12.75
1913-06,8.12,0.665,11.49,12.21
1913-07,8.23,0.6592,11.53,12.48
1913-08,8.45,0.6533,11.85,12.93
1913-09,8.53,0.6475,11.84,13.17
1913-10,8.26,0.6417,11.47,12.87
1913-11,8.05,0.6358,11.07,12.66
1913-12,8.04,0.63,11.17,12.76
1914-01,8.37,0.6208,11.64,13.48
1914-02,8.48,0.6117,11.91,13.86
1914-03,8.32,0.6025,11.69,13.81
1914-04,8.12,0.5933,11.52,13.69
1914-05,8.17,0.5842,11.48,13.98
1914-06,8.13,0.575,11.43,14.14
1914-07,7.68,0.5658,10.69,13.57
1914-08,7.68,0.5567,10.49,13.8
1914-09,7.68,0.5475,10.5,14.03
1914-10,7.68,0.5383,10.61,14.27
1914-11,7.68,0.5292,10.52,14.51
1914-12,7.35,0.52,10.17,14.13
1915-01,7.48,0.55,10.36,13.6
1915-02,7.38,0.58,10.33,12.72
1915-03,7.57,0.61,10.71,12.41
1915-04,8.14,0.64,11.4,12.72
1915-05,7.95,0.67,11.03,11.87
1915-06,8.04,0.7,11.15,11.49
1915-07,8.01,0.73,11.11,10.97
1915-08,8.35,0.76,11.58,10.99
1915-09,8.66,0.79,12.01,10.96
1915-10,9.14,0.82,12.55,11.15
1915-11,9.46,0.85,12.86,11.13
1915-12,9.48,0.88,12.88,10.77
1916-01,9.33,0.9342,12.54,9.99
1916-02,9.2,0.9883,12.35,9.31
1916-03,9.17,1.042,12.18,8.8
1916-04,9.07,1.097,11.91,8.27
1916-05,9.27,1.151,12.03,8.05
1916-06,9.36,1.205,12.0,7.77
1916-07,9.23,1.259,11.79,7.33
1916-08,9.3,1.313,11.73,7.08
1916-09,9.68,1.368,11.94,7.08
1916-10,9.98,1.422,12.05,7.02
1916-11,10.21,1.476,12.05,6.92
1916-12,9.8,1.53,11.41,6.41
1917-01,9.57,1.509,10.99,6.34
1917-02,9.03,1.488,10.06,6.07
1917-03,9.31,1.468,10.33,6.34
1917-04,9.17,1.447,9.64,6.34
1917-05,8.86,1.426,9.14,6.21
1917-06,9.04,1.405,9.15,6.43
1917-07,8.79,1.384,9.0,6.35
1917-08,8.53,1.363,8.57,6.26
1917-09,8.12,1.343,7.95,6.05
1917-10,7.68,1.322,7.39,5.81
1917-11,7.04,1.301,6.75,5.41
1917-12,6.8,1.28,6.41,5.31
1918-01,7.21,1.256,6.64,5.74
1918-02,7.43,1.232,6.78,6.03
1918-03,7.28,1.208,6.69,6.03
1918-04,7.21,1.183,6.52,6.09
1918-05,7.44,1.159,6.58,6.42
1918-06,7.45,1.135,6.5,6.56
1918-07,7.51,1.111,6.37,6.76
1918-08,7.58,1.087,6.3,6.97
1918-09,7.54,1.063,6.15,7.09
1918-10,7.86,1.038,6.29,7.57
1918-11,8.06,1.014,6.33,7.95
1918-12,7.9,0.99,6.13,7.98
1919-01,7.85,0.985,6.1,7.97
1919-02,7.88,0.98,6.24,8.04
1919-03,8.12,0.975,6.36,8.33
1919-04,8.39,0.97,6.46,8.65
1919-05,8.97,0.965,6.83,9.3
1919-06,9.21,0.96,7.02,9.59
1919-07,9.51,0.955,7.05,9.96
1919-08,8.87,0.95,6.48,9.34
1919-09,9.01,0.945,6.56,9.53
1919-10,9.47,0.94,6.79,10.07
1919-11,9.19,0.935,6.47,9.83
1919-12,8.92,0.93,6.16,9.59
1920-01,8.83,0.9192,5.99,9.61
1920-02,8.1,0.9083,5.46,8.92
1920-03,8.67,0.8975,5.8,9.66
1920-04,8.6,0.8867,5.6,9.7
1920-05,8.06,0.8758,5.19,9.2
1920-06,7.92,0.865,5.04,9.16
1920-07,7.91,0.8542,5.08,9.26
1920-08,7.6,0.8433,5.02,9.01
1920-09,7.87,0.8325,5.3,9.45
1920-10,7.88,0.8217,5.35,9.59
1920-11,7.48,0.8108,5.13,9.23
1920-12,6.81,0.8,4.78,8.51
1921-01,7.11,0.7575,5.12,9.39
1921-02,7.06,0.715,5.27,9.87
1921-03,6.88,0.6725,5.19,10.23
1921-04,6.91,0.63,5.3,10.97
1921-05,7.12,0.5875,5.61,12.12
1921-06,6.55,0.545,5.22,12.02
1921-07,6.53,0.5025,5.2,13.0
1921-08,6.45,0.46,5.16,14.02
1921-09,6.61,0.4175,5.38,15.83
1921-10,6.7,0.375,5.48,17.87
1921-11,7.06,0.3325,5.84,21.23
1921-12,7.31,0.29,6.11,25.21
1922-01,7.3,0.3233,6.29,22.58
1922-02,7.46,0.3567,6.46,20.91
1922-03,7.74,0.39,6.82,19.85
1922-04,8.21,0.4233,7.27,19.4
1922-05,8.53,0.4567,7.59,18.68
1922-06,8.45,0.49,7.56,17.24
1922-07,8.51,0.5233,7.6,16.26
1922-08,8.83,0.5567,8.02,15.86
1922-09,9.06,0.59,8.27,15.36
1922-10,9.26,0.6233,8.43,14.86
1922-11,8.8,0.6567,8.0,13.4
1922-12,8.78,0.69,7.96,12.72
1923-01,8.9,0.7142,8.15,12.46
1923-02,9.28,0.7383,8.53,12.57
1923-03,9.43,0.7625,8.7,12.37
1923-04,9.1,0.7867,8.37,11.57
1923-05,8.67,0.8108,8.0,10.69
1923-06,8.34,0.835,7.67,9.99
1923-07,8.06,0.8592,7.35,9.38
1923-08,8.1,0.8833,7.44,9.17
1923-09,8.15,0.9075,7.46,8.98
1923-10,8.03,0.9317,7.32,8.62
1923-11,8.27,0.9558,7.55,8.65
1923-12,8.55,0.98,7.81,8.72
1924-01,8.83,0.9758,8.07,9.05
1924-02,8.87,0.9717,8.16,9.13
1924-03,8.7,0.9675,8.06,8.99
1924-04,8.5,0.9633,7.92,8.82
1924-05,8.47,0.9592,7.9,8.83
1924-06,8.63,0.955,8.05,9.04
1924-07,9.03,0.9508,8.38,9.5
1924-08,9.34,0.9467,8.72,9.87
1924-09,9.25,0.9425,8.58,9.81
1924-10,9.13,0.9383,8.42,9.73
1924-11,9.64,0.9342,8.89,10.32
1924-12,10.16,0.93,9.31,10.92
1925-01,10.58,0.9567,9.69,11.06
1925-02,10.67,0.9833,9.83,10.85
1925-03,10.39,1.01,9.52,10.29
1925-04,10.28,1.037,9.48,9.91
1925-05,10.61,1.063,9.73,9.98
1925-06,10.8,1.09,9.8,9.91
1925-07,11.1,1.117,9.96,9.94
1925-08,11.25,1.143,10.11,9.84
1925-09,11.51,1.17,10.36,9.84
1925-10,11.89,1.197,10.72,9.93
1925-11,12.26,1.223,10.89,10.02
1925-12,12.46,1.25,11.15,9.97
1926-01,12.65,1.249,11.34,10.13
1926-02,12.67,1.248,11.39,10.15
1926-03,11.81,1.248,10.71,9.46
1926-04,11.48,1.247,10.4,9.21
1926-05,11.56,1.246,10.58,9.28
1926-06,12.11,1.245,11.2,9.73
1926-07,12.62,1.244,11.87,10.14
1926-08,13.12,1.243,12.49,10.56
1926-09,13.32,1.242,12.69,10.72
1926-10,13.02,1.242,12.43,10.48
1926-11,13.19,1.241,12.62,10.63
1926-12,13.49,1.24,13.01,10.88
1927-01,13.4,1.229,13.19,10.9
1927-02,13.66,1.218,13.63,11.22
1927-03,13.87,1.208,14.03,11.48
1927-04,14.21,1.197,14.49,11.87
1927-05,14.7,1.186,15.0,12.39
1927-06,14.89,1.175,15.12,12.67
1927-07,15.22,1.164,15.82,13.08
1927-08,16.03,1.153,16.86,13.9
1927-09,16.94,1.143,17.82,14.82
1927-10,16.68,1.132,17.54,14.73
1927-11,17.06,1.121,18.13,15.22
1927-12,17.46,1.11,18.65,15.73
1928-01,17.53,1.133,18.81,15.47
1928-02,17.32,1.155,18.87,15.0
1928-03,18.25,1.177,19.94,15.51
1928-04,19.4,1.2,21.26,16.17
1928-05,20.0,1.222,21.83,16.37
1928-06,19.02,1.245,20.91,15.28
1928-07,19.16,1.268,21.08,15.11
1928-08,19.78,1.29,21.76,15.33
1928-09,21.17,1.312,23.0,16.14
1928-10,21.6,1.335,23.58,16.18
1928-11,23.06,1.357,25.12,16.99
1928-12,23.15,1.38,25.3,16.78
1929-01,24.86,1.399,27.08,17.77
1929-02,24.99,1.418,27.13,17.62
1929-03,25.43,1.438,27.68,17.68
1929-04,25.28,1.457,27.57,17.35
1929-05,25.66,1.476,27.7,17.38
1929-06,26.15,1.495,27.94,17.49
1929-07,28.48,1.514,29.93,18.81
1929-08,30.1,1.533,31.48,19.63
1929-09,31.3,1.552,32.56,20.17
1929-10,27.99,1.572,28.96,17.81
1929-11,20.58,1.591,21.17,12.94
1929-12,21.4,1.61,22.01,13.29
1930-01,21.71,1.557,22.31,13.94
1930-02,23.07,1.503,23.7,15.35
1930-03,23.94,1.45,24.59,16.51
1930-04,25.46,1.397,25.84,18.22
1930-05,23.94,1.343,24.31,17.83
1930-06,21.52,1.29,21.87,16.68
1930-07,21.06,1.237,21.55,17.03
1930-08,20.79,1.183,21.3,17.57
1930-09,20.78,1.13,21.07,18.39
1930-10,17.92,1.077,18.21,16.64
1930-11,16.62,1.023,16.94,16.25
1930-12,15.51,0.97,16.06,15.99
1931-01,15.98,0.94,16.71,17.0
1931-02,17.2,0.91,18.16,18.9
1931-03,17.53,0.88,18.58,19.92
1931-04,15.86,0.85,16.87,18.66
1931-05,14.33,0.82,15.4,17.48
1931-06,13.87,0.79,15.06,17.56
1931-07,14.33,0.76,15.52,18.86
1931-08,13.9,0.73,15.01,19.04
1931-09,11.83,0.7,12.82,16.9
1931-10,10.25,0.67,11.15,15.3
1931-11,10.39,0.64,11.42,16.23
1931-12,8.44,0.61,9.31,13.84
1932-01,8.3,0.5933,9.31,13.99
1932-02,8.23,0.5767,9.34,14.27
1932-03,8.26,0.56,9.41,14.75
1932-04,6.28,0.5433,7.19,11.56
1932-05,5.51,0.5267,6.39,10.46
1932-06,4.77,0.51,5.57,9.35
1932-07,5.01,0.4933,5.84,10.16
1932-08,7.53,0.4767,8.83,15.8
1932-09,8.26,0.46,9.76,17.96
1932-10,7.12,0.4433,8.48,16.06
1932-11,7.05,0.4267,8.46,16.52
1932-12,6.82,0.41,8.26,16.63
1933-01,7.09,0.4125,8.73,17.19
1933-02,6.25,0.415,7.83,15.06
1933-03,6.23,0.4175,7.87,14.92
1933-04,6.89,0.42,8.72,16.4
1933-05,8.87,0.4225,11.25,20.99
1933-06,10.39,0.425,13.1,24.45
1933-07,11.23,0.4275,13.75,26.27
1933-08,10.67,0.43,13.0,24.81
1933-09,10.58,0.4325,12.92,24.46
1933-10,9.55,0.435,11.7,21.95
1933-11,9.78,0.4375,12.01,22.35
1933-12,9.97,0.44,12.28,22.66
1934-01,10.54,0.4442,13.03,23.73
1934-02,11.32,0.4483,13.93,25.25
1934-03,10.74,0.4525,13.25,23.73
1934-04,10.92,0.4567,13.52,23.91
1934-05,9.81,0.4608,12.18,21.29
1934-06,9.94,0.465,12.29,21.38
1934-07,9.47,0.4692,11.74,20.18
1934-08,9.1,0.4733,11.32,19.23
1934-09,8.88,0.4775,10.91,18.6
1934-10,8.95,0.4817,11.11,18.58
1934-11,9.2,0.4858,11.45,18.94
1934-12,9.26,0.49,11.64,18.9
1935-01,9.26,0.57,11.5,16.25
1935-02,8.98,0.65,11.09,13.82
1935-03,8.41,0.73,10.4,11.52
1935-04,9.04,0.7567,11.1,11.95
1935-05,9.75,0.7833,11.99,12.45
1935-06,10.12,0.81,12.54,12.49
1935-07,10.65,0.7933,13.2,13.42
1935-08,11.37,0.7767,14.11,14.64
1935-09,11.61,0.76,14.42,15.28
1935-10,11.92,0.76,14.83,15.68
1935-11,13.04,0.76,16.13,17.16
1935-12,13.04,0.76,16.16,17.16
1936-01,13.76,0.77,17.09,17.87
1936-02,14.55,0.78,18.1,18.65
1936-03,14.86,0.79,18.66,18.81
1936-04,14.88,0.82,18.72,18.15
1936-05,14.09,0.85,17.75,16.58
1936-06,14.69,0.88,18.39,16.69
1936-07,15.56,0.9,19.36,17.29
1936-08,15.87,0.92,19.62,17.25
1936-09,16.05,0.94,19.86,17.07
1936-10,16.89,0.9667,20.91,17.47
1936-11,17.36,0.9933,21.5,17.48
1936-12,17.06,1.02,21.13,16.73
1937-01,17.59,1.05,21.62,16.75
1937-02,18.11,1.08,22.24,16.77
1937-03,18.09,1.11,22.04,16.3
1937-04,17.01,1.13,20.56,15.05
1937-05,16.25,1.15,19.47,14.13
1937-06,15.64,1.17,18.71,13.37
1937-07,16.57,1.1867,19.65,13.96
1937-08,16.74,1.2033,19.81,13.91
1937-09,14.37,1.22,16.85,11.78
1937-10,12.28,1.19,14.36,10.32
1937-11,11.2,1.16,13.16,9.66
1937-12,11.02,1.13,13.01,9.75
1938-01,11.31,1.0767,13.51,10.5
1938-02,11.04,1.0233,13.26,10.79
1938-03,10.31,0.97,12.38,10.63
1938-04,9.89,0.9033,11.79,10.95
1938-05,9.98,0.8367,11.99,11.93
1938-06,10.21,0.77,12.29,13.26
1938-07,12.24,0.72,14.77,17.0
1938-08,12.31,0.67,14.9,18.37
1938-09,11.75,0.62,14.28,18.95
1938-10,13.06,0.6267,16.06,20.84
1938-11,13.07,0.6333,16.15,20.64
1938-12,12.69,0.64,15.76,19.83
1939-01,12.5,0.6633,15.6,18.84
1939-02,12.4,0.6867,15.66,18.06
1939-03,12.39,0.71,15.73,17.45
1939-04,10.83,0.7267,13.92,14.9
1939-05,11.23,0.7433,14.5,15.11
1939-06,11.43,0.76,14.83,15.04
1939-07,11.71,0.7767,15.27,15.08
1939-08,11.54,0.7933,15.12,14.55
1939-09,12.77,0.81,16.45,15.77
1939-10,12.9,0.84,16.82,15.36
1939-11,12.67,0.87,16.6,14.56
1939-12,12.37,0.9,16.28,13.74
1940-01,12.3,0.93,16.38,13.23
1940-02,12.22,0.96,16.22,12.73
1940-03,12.15,0.99,16.17,12.27
1940-04,12.27,1.0067,16.37,12.19
1940-05,10.58,1.0233,14.14,10.34
1940-06,9.67,1.04,12.84,9.3
1940-07,9.99,1.0533,13.37,9.48
1940-08,10.2,1.0667,13.65,9.56
1940-09,10.63,1.08,14.21,9.84
1940-10,10.73,1.07,14.33,10.03
1940-11,10.98,1.06,14.64,10.36
1940-12,10.53,1.05,13.91,10.03
1941-01,10.55,1.0533,13.9,10.02
1941-02,9.89,1.0567,13.0,9.36
1941-03,9.95,1.06,12.96,9.39
1941-04,9.64,1.07,12.43,9.01
1941-05,9.43,1.08,12.04,8.73
1941-06,9.76,1.09,12.16,8.95
1941-07,10.26,1.1233,12.74,9.13
1941-08,10.21,1.1567,12.46,8.83
1941-09,10.24,1.19,12.28,8.61
1941-10,9.83,1.18,11.58,8.33
1941-11,9.37,1.17,10.91,8.01
1941-12,8.76,1.16,10.09,7.55
1942-01,8.93,1.12,10.1,7.97
1942-02,8.65,1.08,9.68,8.01
1942-03,8.18,1.04,9.0,7.87
1942-04,7.84,1.02,8.54,7.69
1942-05,7.93,1.0,8.51,7.93
1942-06,8.33,0.98,8.91,8.5
1942-07,8.64,0.9667,9.15,8.94
1942-08,8.59,0.9533,9.01,9.01
1942-09,8.68,0.94,9.08,9.23
1942-10,9.32,0.97,9.6,9.61
1942-11,9.47,1.0,9.66,9.47
1942-12,9.52,1.03,9.62,9.24
1943-01,10.09,1.0433,10.15,9.67
1943-02,10.69,1.0567,10.71,10.12
1943-03,11.07,1.07,10.85,10.35
1943-04,11.44,1.08,11.04,10.59
1943-05,11.89,1.09,11.36,10.91
1943-06,12.1,1.1,11.52,11.0
1943-07,12.35,1.0933,11.77,11.3
1943-08,11.74,1.0867,11.21,10.8
1943-09,11.99,1.08,11.34,11.1
1943-10,11.88,1.0333,11.19,11.5
1943-11,11.33,0.9867,10.63,11.48
1943-12,11.48,0.94,10.74,12.21
1944-01,11.85,0.9367,11.05,12.65
1944-02,11.77,0.9333,10.95,12.61
1944-03,12.1,0.93,11.22,13.01
1944-04,11.89,0.9267,10.94,12.83
1944-05,12.1,0.9233,11.1,13.1
1944-06,12.67,0.92,11.53,13.77
1944-07,13.0,0.9133,11.74,14.23
1944-08,12.81,0.9067,11.54,14.13
1944-09,12.6,0.9,11.33,14.0
1944-10,12.91,0.91,11.58,14.19
1944-11,12.82,0.92,11.48,13.93
1944-12,13.1,0.93,11.64,14.09
1945-01,13.49,0.94,11.96,14.35
1945-02,13.94,0.95,12.34,14.67
1945-03,13.93,0.96,12.32,14.51
1945-04,14.28,0.9733,12.63,14.67
1945-05,14.82,0.9867,13.04,15.02
1945-06,15.09,1.0,13.13,15.09
1945-07,14.78,0.9967,12.87,14.83
1945-08,14.83,0.9933,12.92,14.93
1945-09,15.84,0.99,13.8,16.0
1945-10,16.5,0.98,14.37,16.84
1945-11,17.04,0.97,14.85,17.57
1945-12,17.33,0.96,15.02,18.05
1946-01,18.02,0.94,15.62,19.17
1946-02,18.07,0.92,15.76,19.64
1946-03,17.53,0.9,15.13,19.48
1946-04,18.66,0.88,16.04,21.2
1946-05,18.7,0.86,16.01,21.74
1946-06,18.58,0.84,15.77,22.12
1946-07,18.05,0.8567,14.51,21.07
1946-08,17.7,0.8733,13.98,20.27
1946-09,15.09,0.89,11.84,16.96
1946-10,14.75,0.9467,11.39,15.58
1946-11,14.69,1.0033,11.11,14.64
1946-12,15.13,1.06,11.37,14.27
1947-01,15.21,1.13,11.47,13.46
1947-02,15.8,1.2,11.95,13.17
1947-03,15.16,1.27,11.29,11.94
1947-04,14.6,1.3267,10.9,11.0
1947-05,14.34,1.3833,10.73,10.37
1947-06,14.84,1.44,11.08,10.31
1947-07,15.77,1.4767,11.7,10.68
1947-08,15.46,1.5133,11.34,10.22
1947-09,15.06,1.55,10.83,9.72
1947-10,15.45,1.57,11.13,9.84
1947-11,15.27,1.59,10.98,9.6
1947-12,15.03,1.61,10.68,9.34
1948-01,14.83,1.6433,10.42,9.02
1948-02,14.1,1.6767,10.0,8.41
1948-03,14.3,1.71,10.19,8.36
1948-04,15.4,1.76,10.78,8.75
1948-05,16.15,1.81,11.24,8.92
1948-06,16.82,1.86,11.58,9.04
1948-07,16.42,1.93,11.13,8.51
1948-08,15.94,2.0,10.72,7.97
1948-09,15.76,2.07,10.55,7.61
1948-10,16.19,2.1433,10.83,7.55
1948-11,15.29,2.2167,10.25,6.9
1948-12,15.19,2.29,10.16,6.63
1949-01,15.36,2.32,10.25,6.62
1949-02,14.77,2.35,9.87,6.29
1949-03,14.91,2.38,9.9,6.26
1949-04,14.89,2.3867,9.78,6.24
1949-05,14.78,2.3933,9.69,6.18
1949-06,13.97,2.4,9.07,5.82
1949-07,14.76,2.3967,9.61,6.16
1949-08,15.29,2.3933,9.85,6.39
1949-09,15.49,2.39,9.88,6.48
1949-10,15.89,2.3667,10.17,6.71
1949-11,16.11,2.3433,10.22,6.87
1949-12,16.54,2.32,10.53,7.13
1950-01,16.88,2.3367,10.75,7.22
1950-02,17.21,2.3533,10.91,7.31
1950-03,17.35,2.37,10.91,7.32
1950-04,17.84,2.4267,11.18,7.35
1950-05,18.44,2.4833,11.46,7.43
1950-06,18.74,2.54,11.55,7.38
1950-07,17.38,2.6,10.54,6.68
1950-08,18.43,2.66,11.04,6.93
1950-09,19.08,2.72,11.34,7.01
1950-10,19.87,2.76,11.66,7.2
1950-11,19.83,2.8,11.54,7.08
1950-12,19.75,2.84,11.31,6.95
1951-01,21.21,2.8367,11.9,7.48
1951-02,22.0,2.8333,12.14,7.76
1951-03,21.63,2.83,11.84,7.64
1951-04,21.92,2.7933,11.95,7.85
1951-05,21.93,2.7567,11.86,7.96
1951-06,21.55,2.72,11.62,7.92
1951-07,21.93,2.65,11.78,8.28
1951-08,22.89,2.58,12.26,8.87
1951-09,23.48,2.51,12.44,9.35
1951-10,23.36,2.4867,12.31,9.39
1951-11,22.71,2.4633,11.85,9.22
1951-12,23.41,2.44,12.15,9.59
1952-01,24.19,2.4267,12.53,9.97
1952-02,23.75,2.4133,12.36,9.84
1952-03,23.81,2.4,12.36,9.92
1952-04,23.74,2.38,12.24,9.97
1952-05,23.73,2.36,12.2,10.06
1952-06,24.38,2.34,12.45,10.42
1952-07,25.08,2.3467,12.67,10.69
1952-08,25.18,2.3533,12.68,10.7
1952-09,24.78,2.36,12.43,10.5
1952-10,24.26,2.3733,12.13,10.22
1952-11,25.03,2.3867,12.47,10.49
1952-12,26.04,2.4,12.93,10.85
1953-01,26.18,2.41,13.01,10.86
1953-02,25.86,2.42,12.86,10.69
1953-03,25.99,2.43,12.83,10.7
1953-04,24.71,2.4567,12.16,10.06
1953-05,24.84,2.4833,12.14,10.0
1953-06,23.95,2.51,11.62,9.54
1953-07,24.29,2.5233,11.75,9.63
1953-08,24.39,2.5367,11.72,9.61
1953-09,23.27,2.55,11.14,9.13
1953-10,23.97,2.5367,11.39,9.45
1953-11,24.5,2.5233,11.64,9.71
1953-12,24.83,2.51,11.75,9.89
1954-01,25.46,2.5233,12.0,10.09
1954-02,26.02,2.5367,12.22,10.26
1954-03,26.57,2.55,12.42,10.42
1954-04,27.63,2.5733,12.91,10.74
1954-05,28.73,2.5967,13.31,11.06
1954-06,28.96,2.62,13.36,11.05
1954-07,30.13,2.6233,13.83,11.49
1954-08,30.73,2.6267,14.04,11.7
1954-09,31.45,2.63,14.36,11.96
1954-10,32.18,2.6767,14.62,12.02
1954-11,33.44,2.7233,15.12,12.28
1954-12,34.97,2.77,15.79,12.62
1955-01,35.6,2.8333,15.99,12.56
1955-02,36.79,2.8967,16.44,12.7
1955-03,36.5,2.96,16.22,12.33
1955-04,37.76,3.0467,16.69,12.39
1955-05,37.6,3.1333,16.52,12.0
1955-06,39.78,3.22,17.37,12.35
1955-07,42.69,3.2933,18.45,12.96
1955-08,42.43,3.3667,18.22,12.6
1955-09,44.34,3.44,18.84,12.89
1955-10,42.11,3.5,17.77,12.03
1955-11,44.95,3.56,18.84,12.63
1955-12,45.37,3.62,18.94,12.53
1956-01,44.15,3.6433,18.29,12.12
1956-02,44.43,3.6667,18.27,12.12
1956-03,47.49,3.69,19.37,12.87
1956-04,48.05,3.66,19.37,13.13
1956-05,46.54,3.63,18.54,12.82
1956-06,46.27,3.6,18.16,12.85
1956-07,48.78,3.5533,18.86,13.73
1956-08,48.49,3.5067,18.67,13.83
1956-09,46.84,3.46,17.84,13.54
1956-10,46.24,3.4433,17.42,13.43
1956-11,45.76,3.4267,17.12,13.35
1956-12,46.44,3.41,17.2,13.62
1957-01,45.43,3.4067,16.72,13.34
1957-02,43.47,3.4033,15.84,12.77
1957-03,44.03,3.4,15.9,12.95
1957-04,45.05,3.4067,16.12,13.22
1957-05,46.78,3.4133,16.6,13.71
1957-06,47.55,3.42,16.73,13.9
1957-07,48.51,3.4367,16.87,14.12
1957-08,45.84,3.4533,15.87,13.27
1957-09,43.98,3.47,15.16,12.67
1957-10,41.24,3.4367,14.15,12.0
1957-11,40.35,3.4033,13.74,11.86
1957-12,40.33,3.37,13.67,11.97
1958-01,41.12,3.2933,13.79,12.49
1958-02,41.26,3.2167,13.78,12.83
1958-03,42.11,3.14,13.93,13.41
1958-04,42.34,3.07,13.91,13.79
1958-05,43.7,3.0,14.32,14.57
1958-06,44.75,2.93,14.64,15.27
1958-07,45.98,2.9133,14.96,15.78
1958-08,47.7,2.8967,15.54,16.47
1958-09,48.96,2.88,15.93,17.0
1958-10,50.95,2.8833,16.56,17.67
1958-11,52.5,2.8867,16.99,18.19
1958-12,53.49,2.89,17.36,18.51
1959-01,55.62,2.9633,17.98,18.77
1959-02,54.77,3.0367,17.76,18.04
1959-03,56.16,3.11,18.2,18.06
1959-04,57.1,3.2067,18.43,17.81
1959-05,57.96,3.3033,18.69,17.55
1959-06,57.46,3.4,18.45,16.9
1959-07,59.74,3.41,19.09,17.52
1959-08,59.4,3.42,18.96,17.37
1959-09,57.05,3.43,18.12,16.63
1959-10,57.0,3.4167,18.02,16.68
1959-11,57.23,3.4033,18.07,16.82
1959-12,59.06,3.39,18.62,17.42
1960-01,58.03,3.39,18.34,17.12
1960-02,55.78,3.39,17.55,16.45
1960-03,55.02,3.39,17.29,16.23
1960-04,55.73,3.3467,17.43,16.65
1960-05,55.22,3.3033,17.26,16.72
1960-06,57.26,3.26,17.82,17.56
1960-07,55.84,3.2633,17.38,17.11
1960-08,56.51,3.2667,17.58,17.3
1960-09,54.81,3.27,17.05,16.76
1960-10,53.73,3.27,16.61,16.43
1960-11,55.47,3.27,17.15,16.96
1960-12,56.8,3.27,17.56,17.37
1961-01,59.72,3.21,18.47,18.6
1961-02,62.17,3.15,19.23,19.74
1961-03,64.12,3.09,19.84,20.75
1961-04,65.83,3.07,20.38,21.44
1961-05,66.5,3.05,20.6,21.8
1961-06,65.62,3.03,20.33,21.66
1961-07,65.44,3.0367,20.15,21.55
1961-08,67.79,3.0433,20.94,22.27
1961-09,67.26,3.05,20.71,22.05
1961-10,68.0,3.0967,20.92,21.96
1961-11,71.08,3.1433,21.86,22.61
1961-12,71.74,3.19,22.04,22.49
1962-01,69.07,3.25,21.2,21.25
1962-02,70.22,3.31,21.45,21.21
1962-03,70.29,3.37,21.44,20.86
1962-04,68.05,3.4033,20.66,20.0
1962-05,62.99,3.4367,19.09,18.33
1962-06,55.63,3.47,16.83,16.03
1962-07,56.97,3.49,17.14,16.32
1962-08,58.52,3.51,17.57,16.67
1962-09,58.0,3.53,17.32,16.43
1962-10,56.17,3.5767,16.74,15.7
1962-11,60.04,3.6233,17.85,16.57
1962-12,62.64,3.67,18.59,17.07
1963-01,65.06,3.6833,19.26,17.66
1963-02,65.92,3.6967,19.47,17.83
1963-03,65.67,3.71,19.29,17.7
1963-04,68.76,3.7533,20.15,18.32
1963-05,70.14,3.7967,20.51,18.47
1963-06,70.11,3.84,20.38,18.26
1963-07,69.07,3.88,19.97,17.8
1963-08,70.98,3.92,20.47,18.11
1963-09,72.85,3.96,20.96,18.4
1963-10,73.03,3.98,20.89,18.35
1963-11,72.62,4.0,20.72,18.16
1963-12,74.17,4.02,21.04,18.45
1964-01,76.45,4.0733,21.63,18.77
1964-02,77.39,4.1267,21.83,18.75
1964-03,78.8,4.18,22.17,18.85
1964-04,79.94,4.23,22.42,18.9
1964-05,80.72,4.28,22.57,18.86
1964-06,80.24,4.33,22.3,18.53
1964-07,83.22,4.3767,22.98,19.01
1964-08,82.0,4.4233,22.65,18.54
1964-09,83.41,4.47,22.89,18.66
1964-10,84.85,4.4967,23.21,18.87
1964-11,85.44,4.5233,23.23,18.89
1964-12,83.96,4.55,22.75,18.45
1965-01,86.12,4.5933,23.27,18.75
1965-02,86.75,4.6367,23.37,18.71
1965-03,86.83,4.68,23.25,18.55
1965-04,87.97,4.7333,23.42,18.59
1965-05,89.28,4.7867,23.71,18.65
1965-06,85.04,4.84,22.39,17.57
1965-07,84.91,4.8867,22.3,17.38
1965-08,86.49,4.9333,22.67,17.53
1965-09,89.38,4.98,23.37,17.95
1965-10,91.39,5.05,23.78,18.1
1965-11,92.15,5.12,23.93,18.0
1965-12,91.73,5.19,23.69,17.67
1966-01,93.32,5.24,24.06,17.81
1966-02,92.69,5.29,23.7,17.52
1966-03,88.88,5.34,22.61,16.64
1966-04,91.6,5.38,23.11,17.03
1966-05,86.78,5.42,21.85,16.01
1966-06,86.06,5.46,21.56,15.76
1966-07,85.84,5.4767,21.38,15.67
1966-08,80.65,5.4933,19.91,14.68
1966-09,77.81,5.51,19.16,14.12
1966-10,77.13,5.5233,18.83,13.96
1966-11,80.99,5.5367,19.71,14.63
1966-12,81.33,5.55,19.74,14.65
1967-01,84.45,5.5167,20.43,15.31
1967-02,87.36,5.4833,21.07,15.93
1967-03,89.42,5.45,21.44,16.41
1967-04,90.96,5.41,21.69,16.81
1967-05,92.59,5.37,21.95,17.24
1967-06,91.43,5.33,21.55,17.15
1967-07,93.01,5.32,21.8,17.48
1967-08,94.49,5.31,22.03,17.79
1967-09,95.81,5.3,22.22,18.08
1967-10,95.66,5.31,22.07,18.02
1967-11,92.66,5.32,21.26,17.42
1967-12,95.3,5.33,21.75,17.88
1968-01,95.04,5.3667,21.51,17.71
1968-02,90.75,5.4033,20.42,16.8
1968-03,89.09,5.44,19.93,16.38
1968-04,95.67,5.4833,21.28,17.45
1968-05,97.87,5.5267,21.63,17.71
1968-06,100.5,5.57,22.0,18.04
1968-07,100.3,5.6,21.75,17.91
1968-08,98.11,5.63,21.14,17.43
1968-09,101.3,5.66,21.68,17.9
1968-10,103.8,5.6933,22.0,18.23
1968-11,105.4,5.7267,22.2,18.41
1968-12,106.5,5.76,22.28,18.49
1969-01,102.0,5.78,21.19,17.65
1969-02,101.5,5.8,20.9,17.5
1969-03,99.3,5.82,20.2,17.06
1969-04,101.3,5.8267,20.43,17.39
1969-05,104.6,5.8333,20.97,17.93
1969-06,99.14,5.84,19.71,16.98
1969-07,94.71,5.8567,18.68,16.17
1969-08,94.18,5.8733,18.43,16.04
1969-09,94.51,5.89,18.4,16.05
1969-10,95.52,5.8533,18.45,16.32
1969-11,96.21,5.8167,18.44,16.54
1969-12,91.11,5.78,17.33,15.76
1970-01,90.31,5.73,17.09,15.76
1970-02,87.16,5.68,16.37,15.35
1970-03,88.65,5.63,16.53,15.75
1970-04,85.95,5.5933,15.87,15.37
1970-05,76.06,5.5567,13.98,13.69
1970-06,75.59,5.52,13.8,13.69
1970-07,75.72,5.4667,13.73,13.85
1970-08,77.92,5.4133,14.1,14.39
1970-09,82.58,5.36,14.84,15.41
1970-10,84.37,5.2833,15.06,15.97
1970-11,84.28,5.2067,14.95,16.19
1970-12,90.05,5.13,15.87,17.55
1971-01,93.49,5.16,16.46,18.12
1971-02,97.11,5.19,17.03,18.71
1971-03,99.6,5.22,17.4,19.08
1971-04,103.0,5.2533,17.92,19.61
1971-05,101.6,5.2867,17.56,19.22
1971-06,99.72,5.32,17.08,18.74
1971-07,99.0,5.3567,16.89,18.48
1971-08,97.24,5.3933,16.52,18.03
1971-09,99.4,5.43,16.86,18.31
1971-10,97.29,5.52,16.43,17.63
1971-11,92.78,5.61,15.64,16.54
1971-12,99.17,5.7,16.6,17.4
1972-01,103.3,5.7367,17.26,18.01
1972-02,105.2,5.7733,17.46,18.22
1972-03,107.7,5.81,17.81,18.54
1972-04,108.8,5.8633,17.92,18.56
1972-05,107.7,5.9167,17.66,18.2
1972-06,108.0,5.97,17.64,18.09
1972-07,107.2,6.0267,17.4,17.79
1972-08,111.0,6.0833,17.94,18.25
1972-09,109.4,6.14,17.61,17.82
1972-10,109.6,6.2333,17.53,17.58
1972-11,115.1,6.3267,18.34,18.19
1972-12,117.5,6.42,18.65,18.3
1973-01,118.4,6.5467,18.71,18.09
1973-02,114.2,6.6733,17.89,17.11
1973-03,112.4,6.8,17.41,16.53
1973-04,110.3,6.9433,16.94,15.89
1973-05,107.2,7.0867,16.31,15.13
1973-06,104.8,7.23,15.81,14.5
1973-07,105.8,7.3833,15.89,14.33
1973-08,103.8,7.5367,15.28,13.77
1973-09,105.6,7.69,15.48,13.73
1973-10,109.8,7.8467,15.91,13.99
1973-11,102.0,8.0033,14.65,12.74
1973-12,94.78,8.16,13.49,11.62
1974-01,96.11,8.2267,13.53,11.68
1974-02,93.45,8.2933,12.96,11.27
1974-03,97.44,8.36,13.31,11.66
1974-04,92.46,8.4867,12.55,10.89
1974-05,89.67,8.6133,12.0,10.41
1974-06,89.79,8.74,11.89,10.27
1974-07,79.31,8.8633,10.39,8.95
1974-08,76.03,8.9867,9.82,8.46
1974-09,68.12,9.11,8.68,7.48
1974-10,69.44,9.0367,8.74,7.68
1974-11,71.74,8.9633,8.95,8.0
1974-12,67.07,8.89,8.29,7.54
1975-01,72.56,8.7433,8.92,8.3
1975-02,80.1,8.5967,9.76,9.32
1975-03,83.78,8.45,10.16,9.91
1975-04,84.72,8.2867,10.23,10.22
1975-05,90.1,8.1233,10.82,11.09
1975-06,92.4,7.96,11.01,11.61
1975-07,92.49,7.8933,10.9,11.72
1975-08,85.71,7.8267,10.09,10.95
1975-09,84.67,7.76,9.92,10.91
1975-10,88.57,7.8267,10.33,11.32
1975-11,90.07,7.8933,10.44,11.41
1975-12,88.7,7.96,10.25,11.14
1976-01,96.86,8.1933,11.19,11.82
1976-02,100.6,8.4267,11.59,11.94
1976-03,101.1,8.66,11.63,11.67
1976-04,101.9,8.8567,11.69,11.51
1976-05,101.2,9.0533,11.53,11.18
1976-06,101.8,9.25,11.54,11.01
1976-07,104.2,9.35,11.76,11.14
1976-08,103.3,9.45,11.6,10.93
1976-09,105.5,9.55,11.81,11.05
1976-10,101.9,9.67,11.35,10.54
1976-11,101.2,9.79,11.25,10.34
1976-12,104.7,9.91,11.6,10.57
1977-01,103.8,9.9667,11.44,10.41
1977-02,101.0,10.0233,11.01,10.08
1977-03,100.6,10.08,10.9,9.98
1977-04,99.05,10.1933,10.64,9.72
1977-05,98.76,10.3067,10.55,9.58
1977-06,99.29,10.42,10.53,9.53
1977-07,100.2,10.5167,10.57,9.53
1977-08,97.75,10.6133,10.27,9.21
1977-09,96.23,10.71,10.07,8.99
1977-10,93.74,10.77,9.77,8.7
1977-11,94.28,10.83,9.77,8.71
1977-12,93.82,10.89,9.68,8.62
1978-01,90.25,10.9,9.24,8.28
1978-02,88.98,10.91,9.05,8.16
1978-03,88.82,10.92,8.95,8.13
1978-04,92.71,11.0233,9.26,8.41
1978-05,97.41,11.1267,9.63,8.75
1978-06,97.66,11.23,9.55,8.7
1978-07,97.19,11.3433,9.43,8.57
1978-08,103.9,11.4567,10.02,9.07
1978-09,103.9,11.57,9.94,8.98
1978-10,100.6,11.8233,9.53,8.51
1978-11,94.71,12.0767,8.93,7.84
1978-12,96.11,12.33,9.01,7.79
1979-01,99.71,12.6533,9.26,7.88
1979-02,98.23,12.9767,9.0,7.57
1979-03,100.1,13.3,9.07,7.53
1979-04,102.1,13.5267,9.13,7.55
1979-05,99.73,13.7533,8.79,7.25
1979-06,101.7,13.98,8.85,7.27
1979-07,102.7,14.1967,8.83,7.23
1979-08,107.4,14.4133,9.13,7.45
1979-09,108.6,14.63,9.11,7.42
1979-10,104.5,14.7067,8.68,7.11
1979-11,103.7,14.7833,8.52,7.01
1979-12,107.8,14.86,8.75,7.25
1980-01,110.9,15.0033,8.85,7.39
1980-02,115.3,15.1467,9.05,7.61
1980-03,104.7,15.29,8.08,6.85
1980-04,103.0,15.1733,7.84,6.79
1980-05,107.7,15.0567,8.1,7.15
1980-06,114.6,14.94,8.51,7.67
1980-07,119.8,14.84,8.88,8.07
1980-08,123.5,14.74,9.07,8.38
1980-09,126.5,14.64,9.2,8.64
1980-10,130.2,14.7,9.36,8.86
1980-11,135.7,14.76,9.65,9.19
1980-12,133.5,14.82,9.39,9.01
1981-01,133.0,14.74,9.26,9.02
1981-02,128.4,14.66,8.83,8.76
1981-03,133.2,14.58,9.08,9.14
1981-04,134.4,14.7233,9.09,9.13
1981-05,131.7,14.8667,8.82,8.86
1981-06,132.3,15.01,8.77,8.81
1981-07,129.1,15.0967,8.45,8.55
1981-08,129.6,15.1833,8.4,8.54
1981-09,118.3,15.27,7.58,7.75
1981-10,119.8,15.3,7.65,7.83
1981-11,122.9,15.33,7.81,8.02
1981-12,123.8,15.36,7.83,8.06
1982-01,117.3,15.1767,7.39,7.73
1982-02,114.5,14.9933,7.18,7.64
1982-03,110.8,14.81,6.95,7.48
1982-04,116.3,14.5967,7.26,7.97
1982-05,116.4,14.3833,7.19,8.09
1982-06,109.7,14.17,6.69,7.74
1982-07,109.4,13.9667,6.64,7.83
1982-08,109.7,13.7633,6.64,7.97
1982-09,122.4,13.56,7.4,9.03
1982-10,132.7,13.2533,8.0,10.01
1982-11,138.1,12.9467,8.35,10.67
1982-12,139.4,12.64,8.47,11.03
1983-01,144.3,12.5667,8.76,11.48
1983-02,146.8,12.4933,8.91,11.75
1983-03,151.9,12.42,9.23,12.23
1983-04,157.7,12.4767,9.53,12.64
1983-05,164.1,12.5333,9.87,13.09
1983-06,166.4,12.59,10.0,13.22
1983-07,167.0,12.8267,10.01,13.02
1983-08,162.4,13.0633,9.73,12.43
1983-09,167.2,13.3,9.98,12.57
1983-10,167.7,13.5433,10.0,12.38
1983-11,165.2,13.7867,9.85,11.98
1983-12,164.4,14.03,9.82,11.72
1984-01,166.4,14.44,9.89,11.52
1984-02,157.3,14.85,9.32,10.59
1984-03,157.4,15.26,9.33,10.31
1984-04,157.6,15.5733,9.31,10.12
1984-05,156.6,15.8867,9.23,9.86
1984-06,153.1,16.2,9.01,9.45
1984-07,151.1,16.32,8.87,9.26
1984-08,164.4,16.44,9.62,10.0
1984-09,166.1,16.56,9.69,10.03
1984-10,164.8,16.5867,9.6,9.94
1984-11,166.3,16.6133,9.69,10.01
1984-12,164.5,16.64,9.6,9.89
1985-01,171.6,16.5567,10.0,10.36
1985-02,180.9,16.4733,10.49,10.98
1985-03,179.4,16.39,10.37,10.95
1985-04,180.6,16.13,10.4,11.2
1985-05,184.9,15.87,10.61,11.65
1985-06,188.9,15.61,10.81,12.1
1985-07,192.5,15.4833,11.0,12.43
1985-08,188.3,15.3567,10.74,12.26
1985-09,184.1,15.23,10.47,12.09
1985-10,186.2,15.0233,10.55,12.39
1985-11,197.5,14.8167,11.16,13.33
1985-12,207.3,14.61,11.69,14.19
1986-01,208.2,14.58,11.72,14.28
1986-02,219.4,14.55,12.39,15.08
1986-03,232.3,14.52,13.19,16.0
1986-04,238.0,14.5833,13.55,16.32
1986-05,238.5,14.6467,13.56,16.28
1986-06,245.3,14.71,13.89,16.68
1986-07,240.2,14.7567,13.62,16.28
1986-08,245.0,14.8033,13.89,16.55
1986-09,238.3,14.85,13.47,16.05
1986-10,237.4,14.7267,13.43,16.12
1986-11,245.1,14.6033,13.87,16.78
1986-12,248.6,14.48,14.09,17.17
1987-01,264.5,14.6867,14.92,18.01
1987-02,280.9,14.8933,15.82,18.86
1987-03,292.5,15.1,16.43,19.37
1987-04,289.3,14.8733,16.2,19.45
1987-05,289.1,14.6467,16.16,19.74
1987-06,301.4,14.42,16.83,20.9
1987-07,310.1,14.9,17.31,20.81
1987-08,329.4,15.38,18.33,21.42
1987-09,318.7,15.86,17.68,20.09
1987-10,280.2,16.4067,15.53,17.08
1987-11,245.0,16.9533,13.59,14.45
1987-12,241.0,17.5,13.39,13.77
1988-01,250.5,17.8633,13.9,14.02
1988-02,258.1,18.2267,14.3,14.16
1988-03,265.7,18.59,14.67,14.29
1988-04,262.6,19.6167,14.43,13.39
1988-05,256.1,20.6433,14.03,12.41
1988-06,270.7,21.67,14.77,12.49
1988-07,269.1,22.0233,14.61,12.22
1988-08,263.7,22.3767,14.24,11.78
1988-09,268.0,22.73,14.37,11.79
1988-10,277.4,23.0733,14.81,12.02
1988-11,271.0,23.4167,14.45,11.57
1988-12,276.5,23.75,14.7,11.64
1989-01,285.4,24.16,15.09,11.81
1989-02,294.0,24.56,15.47,11.97
1989-03,292.7,24.96,15.3,11.73
1989-04,302.3,25.0467,15.69,12.07
1989-05,313.9,25.1333,16.19,12.49
1989-06,323.7,25.22,16.64,12.84
1989-07,331.9,24.71,17.01,13.43
1989-08,346.6,24.2,17.73,14.32
1989-09,347.3,23.69,17.71,14.66
1989-10,347.4,23.4267,17.64,14.83
1989-11,340.2,23.1633,17.24,14.69
1989-12,348.6,22.87,17.65,15.24
1990-01,339.97,22.49,17.05,15.12
1990-02,330.45,22.08,16.51,14.97
1990-03,338.46,21.67,16.83,15.62
1990-04,338.18,21.5333,16.81,15.7
1990-05,350.25,21.3967,17.39,16.37
1990-06,360.39,21.26,17.82,16.95
1990-07,360.03,21.42,17.75,16.81
1990-08,330.75,21.58,16.17,15.33
1990-09,315.41,21.74,15.3,14.51
1990-10,307.12,21.6067,14.82,14.21
1990-11,315.29,21.4733,15.19,14.68
1990-12,328.75,21.34,15.85,15.41
1991-01,325.49,21.1833,15.61,15.37
1991-02,362.26,21.0267,17.35,17.23
1991-03,372.28,20.94,17.82,17.78
1991-04,379.68,20.3633,18.16,18.65
1991-05,377.99,19.8567,18.04,19.04
1991-06,378.29,19.41,18.02,19.49
1991-07,380.23,18.84,18.1,20.18
1991-08,389.4,18.33,18.51,21.24
1991-09,387.2,17.82,18.36,21.73
1991-10,386.88,17.2033,18.35,22.49
1991-11,385.92,16.5867,18.29,23.27
1991-12,388.51,15.97,18.44,24.33
1992-01,416.08,16.0467,19.77,25.93
1992-02,412.56,16.1233,19.58,25.59
1992-03,407.36,16.19,19.28,25.16
1992-04,407.41,16.4833,19.3,24.72
1992-05,414.81,16.7667,19.66,24.74
1992-06,408.27,17.05,19.32,23.95
1992-07,415.05,17.38,19.62,23.88
1992-08,417.93,17.71,19.72,23.6
1992-09,418.48,18.04,19.71,23.2
1992-10,412.5,18.39,19.37,22.43
1992-11,422.84,18.74,19.83,22.56
1992-12,435.64,19.09,20.45,22.82
1993-01,435.23,19.34,20.32,22.5
1993-02,441.7,19.59,20.55,22.55
1993-03,450.16,19.84,20.86,22.69
1993-04,443.08,19.67,20.46,22.53
1993-05,445.25,19.5,20.52,22.83
1993-06,448.06,19.33,20.61,23.18
1993-07,447.29,19.69,20.56,22.72
1993-08,454.13,20.05,20.81,22.65
1993-09,459.24,20.41,20.99,22.5
1993-10,463.9,20.9,21.11,22.2
1993-11,462.89,21.39,21.04,21.64
1993-12,465.95,21.89,21.16,21.29
1994-01,472.99,22.1567,21.41,21.35
1994-02,471.58,22.4333,21.26,21.02
1994-03,463.81,22.71,20.83,20.42
1994-04,447.23,23.54,20.06,19.0
1994-05,450.9,24.37,20.2,18.5
1994-06,454.83,25.2,20.29,18.05
1994-07,451.4,25.91,20.07,17.42
1994-08,464.24,26.62,20.54,17.44
1994-09,466.96,27.33,20.58,17.09
1994-10,463.81,28.42,20.4,16.32
1994-11,461.01,29.51,20.21,15.62
1994-12,455.19,30.6,19.91,14.88
1995-01,465.25,31.25,20.22,14.89
1995-02,481.92,31.9,20.8,15.11
1995-03,493.15,32.55,21.15,15.15
1995-04,507.91,33.1767,21.64,15.31
1995-05,523.81,33.8033,22.2,15.5
1995-06,539.35,34.43,22.72,15.67
1995-07,557.37,34.68,23.38,16.07
1995-08,559.11,34.93,23.28,16.01
1995-09,578.77,35.18,23.95,16.45
1995-10,582.92,34.7733,23.93,16.76
1995-11,595.53,34.3667,24.35,17.33
1995-12,614.57,33.96,25.03,18.1
1996-01,614.42,33.9867,24.76,18.08
1996-02,649.54,34.0133,25.98,19.1
1996-03,647.07,34.04,25.63,19.01
1996-04,647.17,34.33,25.42,18.85
1996-05,661.23,34.62,25.81,19.1
1996-06,668.5,34.91,25.97,19.15
1996-07,644.07,35.2733,24.86,18.26
1996-08,662.68,35.6367,25.41,18.6
1996-09,674.88,36.0,25.68,18.75
1996-10,701.46,36.91,26.48,19.0
1996-11,735.67,37.82,27.59,19.45
1996-12,743.25,38.73,27.72,19.19
1997-01,766.22,39.2333,28.33,19.53
1997-02,798.39,39.7367,29.27,20.09
1997-03,792.16,40.24,28.8,19.69
1997-04,763.93,40.3433,27.59,18.94
1997-05,833.09,40.4467,29.93,20.6
1997-06,876.29,40.55,31.26,21.61
1997-07,925.29,40.58,32.77,22.8
1997-08,927.24,40.61,32.59,22.83
1997-09,937.02,40.64,32.67,23.06
1997-10,951.16,40.3333,32.9,23.58
1997-11,938.92,40.0267,32.34,23.46
1997-12,962.37,39.72,33.03,24.23
1998-01,963.36,39.66,32.86,24.29
1998-02,1023.74,39.6,34.71,25.85
1998-03,1076.83,39.54,36.3,27.23
1998-04,1112.2,39.35,37.28,28.26
1998-05,1108.42,39.16,36.96,28.3
1998-06,1108.39,38.97,36.8,28.44
1998-07,1156.58,38.6767,38.26,29.9
1998-08,1074.62,38.3833,35.42,28.0
1998-09,1020.64,38.09,33.53,26.8
1998-10,1032.47,37.9633,33.77,27.2
1998-11,1144.43,37.8367,37.37,30.25
1998-12,1190.05,37.71,38.82,31.56
1999-01,1248.77,37.9333,40.58,32.92
1999-02,1246.58,38.1567,40.4,32.67
1999-03,1281.66,38.38,41.36,33.39
1999-04,1334.76,39.26,42.7,34.0
1999-05,1332.07,40.14,42.56,33.19
1999-06,1322.55,41.02,42.18,32.24
1999-07,1380.99,42.0,43.83,32.88
1999-08,1327.49,42.98,41.93,30.89
1999-09,1318.17,43.96,41.32,29.99
1999-10,1300.01,45.3633,40.55,28.66
1999-11,1391.0,46.7667,43.21,29.74
1999-12,1428.68,48.17,44.2,29.66
2000-01,1425.59,49.0967,43.77,29.04
2000-02,1388.87,50.0233,42.19,27.76
2000-03,1442.21,50.95,43.22,28.31
2000-04,1461.36,51.2733,43.53,28.5
2000-05,1418.48,51.5967,41.97,27.49
2000-06,1461.96,51.92,42.78,28.16
2000-07,1473.0,52.5133,42.76,28.05
2000-08,1485.46,53.1067,42.87,27.97
2000-09,1468.05,53.7,41.9,27.34
2000-10,1390.14,52.4667,39.37,26.5
2000-11,1378.04,51.2333,38.78,26.9
2000-12,1330.93,50.0,37.27,26.62
2001-01,1335.63,48.48,36.98,27.55
2001-02,1305.75,46.96,35.83,27.81
2001-03,1185.85,45.44,32.33,26.1
2001-04,1189.84,42.5567,32.17,27.96
2001-05,1270.37,39.6733,34.07,32.02
2001-06,1238.71,36.79,33.07,33.67
2001-07,1204.45,33.9633,32.16,35.46
2001-08,1178.5,31.1367,31.4,37.85
2001-09,1044.64,28.31,27.67,36.9
2001-10,1076.59,27.1033,28.58,39.72
2001-11,1129.68,25.8967,30.01,43.62
2001-12,1144.93,24.69,30.5,46.37
2002-01,1140.21,24.6933,30.28,46.17
2002-02,1100.67,24.6967,29.09,44.57
2002-03,1153.79,24.7,30.29,46.71
2002-04,1111.93,25.38,29.01,43.81
2002-05,1079.25,26.06,28.13,41.41
2002-06,1014.02,26.74,26.39,37.92
2002-07,903.59,27.84,23.46,32.46
2002-08,912.55,28.94,23.59,31.53
2002-09,867.81,30.04,22.37,28.89
2002-10,854.63,29.2233,21.96,29.24
2002-11,909.93,28.4067,23.35,32.03
2002-12,899.18,27.59,23.1,32.59
2003-01,895.84,28.5,22.9,31.43
2003-02,837.03,29.41,21.21,28.46
2003-03,846.63,30.32,21.31,27.92
2003-04,890.03,31.73,22.43,28.05
2003-05,935.96,33.14,23.59,28.24
2003-06,988.0,34.55,24.83,28.6
2003-07,992.54,35.8933,24.87,27.65
2003-08,989.53,37.2367,24.64,26.57
2003-09,1019.44,38.58,25.24,26.42
2003-10,1038.73,41.9667,25.68,24.75
2003-11,1049.9,45.3533,25.95,23.15
2003-12,1080.64,48.74,26.64,22.17
2004-01,1132.52,49.8267,27.66,22.73
2004-02,1143.36,50.9133,27.65,22.46
2004-03,1123.98,52.0,26.89,21.62
2004-04,1133.36,53.3833,26.9,21.23
2004-05,1102.78,54.7667,25.9,20.14
2004-06,1132.76,56.15,26.4,20.17
2004-07,1105.85,56.69,25.7,19.51
2004-08,1088.94,57.23,25.17,19.03
2004-09,1117.66,57.77,25.67,19.35
2004-10,1117.21,58.03,25.41,19.25
2004-11,1168.94,58.29,26.47,20.05
2004-12,1199.21,58.55,27.14,20.48
2005-01,1181.41,59.1067,26.59,19.99
2005-02,1199.63,59.6633,26.74,20.11
2005-03,1194.9,60.22,26.34,19.84
2005-04,1164.43,61.2333,25.41,19.02
2005-05,1178.28,62.2467,25.65,18.93
2005-06,1202.25,63.26,26.07,19.0
2005-07,1222.24,64.33,26.29,19.0
2005-08,1224.27,65.4,26.1,18.72
2005-09,1225.92,66.47,25.73,18.44
2005-10,1191.96,67.59,24.88,17.64
2005-11,1237.37,68.71,25.93,18.01
2005-12,1262.07,69.83,26.44,18.07
2006-01,1278.73,70.7767,26.47,18.07
2006-02,1276.65,71.7233,26.25,17.8
2006-03,1293.74,72.67,26.33,17.8
2006-04,1302.17,73.2767,26.15,17.77
2006-05,1290.01,73.8833,25.65,17.46
2006-06,1253.17,74.49,24.75,16.82
2006-07,1260.24,75.85,24.7,16.61
2006-08,1287.15,77.21,25.05,16.67
2006-09,1317.74,78.57,25.64,16.77
2006-10,1363.38,79.55,26.54,17.14
2006-11,1388.64,80.53,26.93,17.24
2006-12,1416.42,81.51,27.28,17.38
2007-01,1424.16,82.0567,27.21,17.36
2007-02,1444.8,82.6033,27.32,17.49
2007-03,1406.95,83.15,26.23,16.92
2007-04,1463.64,83.74,26.98,17.48
2007-05,1511.14,84.33,27.55,17.92
2007-06,1514.19,84.92,27.42,17.83
2007-07,1520.71,82.8133,27.41,18.36
2007-08,1454.62,80.7067,26.15,18.02
2007-09,1497.12,78.6,26.73,19.05
2007-10,1539.66,74.46,27.32,20.68
2007-11,1463.39,70.32,25.73,20.81
2007-12,1479.22,66.18,25.96,22.35
2008-01,1378.76,64.25,24.02,21.46
2008-02,1354.87,62.32,23.5,21.74
2008-03,1316.94,60.39,22.61,21.81
2008-04,1370.47,57.3833,23.36,23.88
2008-05,1403.22,54.3767,23.7,25.81
2008-06,1341.25,51.37,22.42,26.11
2008-07,1257.33,49.5633,20.91,25.37
2008-08,1281.47,47.7567,21.4,26.83
2008-09,1216.95,45.95,20.36,26.48
2008-10,968.8,35.5933,16.39,27.22
2008-11,883.04,25.2367,15.26,34.99
2008-12,877.56,14.88,15.38,58.98
2009-01,865.58,12.2067,15.17,70.91
2009-02,805.23,9.5333,14.12,84.46
2009-03,757.13,6.86,13.32,110.37
2009-04,848.15,7.0767,14.98,119.85
2009-05,902.41,7.2933,16.0,123.73
2009-06,926.12,7.51,16.38,123.32
2009-07,935.82,9.1867,16.69,101.87
2009-08,1009.73,10.8633,18.09,92.95
2009-09,1044.55,12.54,18.83,83.3
2009-10,1067.66,25.35,19.36,42.12
2009-11,1088.07,38.16,19.81,28.51
2009-12,1110.38,50.97,20.32,21.78
2010-01,1123.58,54.29,20.53,20.7
2010-02,1089.16,57.61,19.92,18.91
2010-03,1152.05,60.93,21.0,18.91
2010-04,1197.32,62.9867,21.8,19.01
2010-05,1125.06,65.0433,20.48,17.3
2010-06,1083.36,67.1,19.74,16.15
2010-07,1079.8,68.6867,19.67,15.72
2010-08,1087.28,70.2733,19.77,15.47
2010-09,1122.08,71.86,20.38,15.61
2010-10,1171.58,73.69,21.24,15.9
2010-11,1198.89,75.52,21.7,15.88
2010-12,1241.53,77.35,22.4,16.05
2011-01,1282.62,78.67,22.98,16.3
2011-02,1321.12,79.99,23.49,16.52
2011-03,1304.49,81.31,22.9,16.04
2011-04,1331.51,82.1633,23.14,16.21
2011-05,1338.31,83.0167,23.06,16.12
2011-06,1287.29,83.87,22.1,15.35
2011-07,1325.19,84.9067,22.61,15.61
2011-08,1185.31,85.9433,20.05,13.79
2011-09,1173.88,86.98,19.7,13.5
2011-10,1207.22,86.97,20.16,13.88
2011-11,1226.42,86.96,20.35,14.1
2011-12,1243.32,86.95,20.52,14.3
2012-01,1300.58,87.48,21.21,14.87
2012-02,1352.49,88.01,21.8,15.37
2012-03,1389.24,88.54,22.05,15.69
2012-04,1386.43,88.3333,21.78,15.7
2012-05,1341.27,88.1267,20.94,15.22
2012-06,1323.48,87.92,20.55,15.05
2012-07,1359.78,87.4467,21.0,15.55
2012-08,1403.45,86.9733,21.41,16.14
2012-09,1443.42,86.5,21.78,16.69
2012-10,1437.82,86.5033,21.58,16.62
2012-11,1394.51,86.5067,20.9,16.12
2012-12,1422.29,86.51,21.24,16.44
2013-01,1480.4,86.9067,21.9,17.03
2013-02,1512.31,87.3033,22.05,17.32
2013-03,1550.83,87.7,22.42,17.68
2013-04,1570.7,88.7833,22.6,17.69
2013-05,1639.84,89.8667,23.41,18.25
2013-06,1618.77,90.95,22.93,17.8
2013-07,1668.68,92.09,23.49,18.12
2013-08,1670.09,93.23,23.36,17.91
2013-09,1687.17,94.37,23.44,17.88
2013-10,1720.03,96.3133,23.83,17.86
2013-11,1783.54,98.2567,24.64,18.15
2013-12,1807.78,100.2,24.86,18.04
2014-01,1822.36,100.4167,24.86,18.15
2014-02,1817.04,100.6333,24.59,18.06
2014-03,1863.52,100.85,24.96,18.48
2014-04,1864.26,101.6067,24.79,18.35
2014-05,1889.77,102.3633,24.94,18.46
2014-06,1947.09,103.12,25.56,18.88
2014-07,1973.1,104.0667,25.82,18.96
2014-08,1961.53,105.0133,25.62,18.68
2014-09,1993.23,105.96,25.92,18.81
2014-10,1937.27,104.7433,25.16,18.5
2014-11,2044.57,103.5267,26.61,19.75
2014-12,2054.27,102.31,26.79,20.08
2015-01,2028.18,101.29,26.49,20.02
2015-02,2082.2,100.27,27.0,20.77
2015-03,2079.99,99.25,26.73,20.96
2015-04,2094.86,97.8033,26.79,21.42
2015-05,2111.94,96.3567,26.81,21.92
2015-06,2099.29,94.91,26.5,22.12
2015-07,2094.14,93.4933,26.38,22.4
2015-08,2039.87,92.0767,25.69,22.15
2015-09,1944.41,90.66,24.5,21.45
2015-10,2024.81,89.2833,25.49,22.68
2015-11,2080.62,87.9067,26.23,23.67
2015-12,2054.08,86.53,25.97,23.74
2016-01,1918.6,86.5,24.21,22.18
2016-02,1904.42,86.47,24.0,22.02
2016-03,2021.95,86.44,25.37,23.39
2016-04,2075.54,86.6,25.92,23.97
2016-05,2065.55,86.76,25.69,23.81
2016-06,2083.89,86.92,25.84,23.97
2016-07,2148.9,87.6433,26.69,24.52
2016-08,2170.95,88.3667,26.95,24.57
2016-09,2157.69,89.09,26.73,24.22
2016-10,2143.02,90.91,26.53,23.57
2016-11,2164.99,92.73,26.85,23.35
2016-12,2246.63,94.55,27.87,23.76
2017-01,2275.12,96.4633,28.06,23.59
2017-02,2329.91,98.3767,28.66,23.68
2017-03,2366.82,100.29,29.09,23.6
2017-04,2359.31,101.5333,28.9,23.24
2017-05,2395.35,102.7767,29.31,23.31
2017-06,2433.99,104.02,29.75,23.4
2017-07,2454.1,105.04,30.0,23.36
2017-08,2456.22,106.06,29.91,23.16
2017-09,2492.84,107.08,30.17,23.28
2017-10,2557.0,108.0133,30.92,23.67
2017-11,2593.61,108.9467,31.3,23.81
2017-12,2664.34,109.88,32.09,24.25
2018-01,2789.8,111.7333,33.31,24.97
2018-02,2705.16,113.5867,32.04,23.82
2018-03,2702.77,115.44,31.81,23.41
2018-04,2653.63,117.7867,30.97,22.53
2018-05,2701.49,120.1333,31.24,22.49
2018-06,2754.35,122.48,31.63,22.49
2018-07,2793.64,125.1167,31.89,22.33
2018-08,2857.82,127.7533,32.39,22.37
2018-09,2901.5,130.39,32.62,22.25
2018-10,2785.46,131.0567,31.04,21.25
2018-11,2723.23,131.7233,30.2,20.67
2018-12,2567.31,132.39,28.29,19.39
2019-01,2607.39,133.0567,28.38,19.6
2019-02,2754.86,133.7233,29.54,20.6
2019-03,2803.98,134.39,29.58,20.86
2019-04,2903.8,134.6833,30.13,21.56
2019-05,2854.71,134.9767,29.24,21.15
2019-06,2890.17,135.27,29.28,21.37
2019-07,2996.11,134.48,29.99,22.28
2019-08,2897.5,133.69,28.71,21.67
2019-09,2982.16,132.9,29.23,22.44
2019-10,2977.68,135.09,28.84,22.04
2019-11,3104.9,137.28,29.84,22.62
2019-12,3176.75,139.47,30.33,22.78
2020-01,3278.2,131.7567,30.99,24.88
2020-02,3277.31,124.0433,30.73,26.42
2020-03,2652.39,116.33,24.82,22.8
2020-04,2761.98,110.63,25.93,24.97
2020-05,2919.61,104.93,27.33,27.82
2020-06,3104.66,99.23,28.84,31.29
2020-07,3207.62,98.8933,29.6,32.44
2020-08,3391.71,98.5567,31.16,34.41
2020-09,3365.52,98.22,30.84,34.27
2020-10,3418.7,96.8567,31.28,35.3
2020-11,3548.99,95.4933,32.47,37.16
2020-12,3695.31,94.13,33.77,39.26
2021-01,3793.75,105.4867,34.51,35.96
2021-02,3883.43,116.8433,35.1,33.24
2021-03,3910.51,128.2,35.04,30.5
2021-04,4141.18,138.3867,36.72,29.92
2021-05,4167.85,148.5733,36.55,28.05
2021-06,4238.49,158.76,36.7,26.7
2021-07,4363.71,164.3167,37.44,26.56
2021-08,4454.21,169.8733,37.97,26.22
2021-09,4445.54,175.43,37.62,25.34
2021-10,4460.71,182.91,37.25,24.39
2021-11,4667.39,190.39,38.58,24.51
2021-12,4674.77,197.87,38.3,23.63
2022-01,4573.82,197.8833,36.94,23.11
2022-02,4435.98,197.8967,35.29,22.42
2022-03,4391.27,197.91,34.27,22.19
2022-04,4391.3,196.0267,33.89,22.4
2022-05,4040.36,194.1433,30.67,20.81
2022-06,3898.95,192.26,29.05,20.28
2022-07,3911.73,190.5833,29.0,20.53
2022-08,4158.56,188.9067,30.7,22.01
2022-09,3850.52,187.23,28.23,20.57
2022-10,3726.05,182.4033,27.08,20.43
2022-11,3917.49,177.5767,28.38,22.06
2022-12,3912.38,172.75,28.32,22.65
2023-01,3960.66,173.5567,28.33,22.82
2023-02,4079.68,174.3633,28.92,23.4
2023-03,3968.56,175.17,27.95,22.66
2023-04,4121.47,177.17,28.76,23.26
2023-05,4146.17,179.17,28.76,23.14
2023-06,4345.37,181.17,29.94,23.99
2023-07,4508.08,,30.89,
2023-08,4457.36,,30.47,
2023-09,4515.77,,30.81,
